Passenger ID,TravelDistance,TravelTime,Cost,Take Uber,Waiting Time
0,4.0,0.0,0.0,false,0.0
1,5.0,0.0,0.0,false,0.0
2,4.0,0.0,0.0,false,0.0
3,10.0,0.0,0.0,false,0.0
4,2.0,-4.999999999999998,4.058,true,0.0
5,1.0,-7.099999999999998,3.104,true,1.0
6,2.0,-7.399999999999998,4.058,true,0.0
7,3.0,0.0,0.0,false,0.0
8,2.0,-8.399999999999997,4.058,true,0.0
9,3.0,0.0,0.0,false,0.0
10,1.0,0.0,0.0,false,0.0
