Passenger ID,TravelDistance,TravelTime,Cost,Take Uber,Waiting Time
0,4.0,-121.2,6.91,true,121.0
1,5.0,-122.9,8.1,true,120.0
2,4.0,-132.4,6.91,true,120.0
3,10.0,-133.1,14.05,true,120.0
4,2.0,-136.1,4.529999999999999,true,121.0
5,1.0,-138.5,3.34,true,120.0
6,2.0,-262.8,4.529999999999999,true,240.0
7,3.0,-145.4,5.72,true,120.0
8,2.0,-145.60000000000002,4.529999999999999,true,120.0
9,3.0,-148.9,5.72,true,120.0
