Passenger ID,TravelDistance,TravelTime,Cost,Take Uber,Waiting Time
0,4.0,0.0,0.0,false,0.0
1,5.0,0.0,0.0,false,0.0
2,4.0,0.0,0.0,false,0.0
3,10.0,0.0,0.0,false,0.0
4,2.0,-6.999999999999998,4.058,true,2.0
5,1.0,-11.099999999999998,3.104,true,5.0
6,2.0,-9.399999999999999,4.058,true,2.0
7,3.0,0.0,0.0,false,0.0
8,2.0,-8.399999999999997,4.058,true,0.0
9,3.0,0.0,0.0,false,0.0
10,1.0,0.0,0.0,false,0.0
